/*
SQLyog Community v13.1.2 (64 bit)
MySQL - 10.1.38-MariaDB : Database - ums
*********************************************************************
*/

/*!40101 SET NAMES utf8 */;

/*!40101 SET SQL_MODE=''*/;

/*!40014 SET @OLD_UNIQUE_CHECKS=@@UNIQUE_CHECKS, UNIQUE_CHECKS=0 */;
/*!40014 SET @OLD_FOREIGN_KEY_CHECKS=@@FOREIGN_KEY_CHECKS, FOREIGN_KEY_CHECKS=0 */;
/*!40101 SET @OLD_SQL_MODE=@@SQL_MODE, SQL_MODE='NO_AUTO_VALUE_ON_ZERO' */;
/*!40111 SET @OLD_SQL_NOTES=@@SQL_NOTES, SQL_NOTES=0 */;
CREATE DATABASE /*!32312 IF NOT EXISTS*/`ums` /*!40100 DEFAULT CHARACTER SET latin1 */;

USE `ums`;

/*Table structure for table `account` */

DROP TABLE IF EXISTS `account`;

CREATE TABLE `account` (
  `account_id` bigint(20) unsigned NOT NULL,
  `password` varchar(50) DEFAULT NULL,
  `access_token` varchar(100) DEFAULT NULL,
  `password_reset_token` varchar(100) DEFAULT NULL,
  `email_confirmation_token` varchar(100) DEFAULT NULL,
  `role_id_fk` bigint(20) unsigned DEFAULT NULL,
  PRIMARY KEY (`account_id`),
  CONSTRAINT `user_account` FOREIGN KEY (`account_id`) REFERENCES `person` (`id`)
) ENGINE=InnoDB DEFAULT CHARSET=latin1;

/*Data for the table `account` */

/*Table structure for table `company` */

DROP TABLE IF EXISTS `company`;

CREATE TABLE `company` (
  `company_id` bigint(20) unsigned NOT NULL AUTO_INCREMENT,
  `company_name` varchar(100) DEFAULT NULL,
  PRIMARY KEY (`company_id`)
) ENGINE=InnoDB AUTO_INCREMENT=6 DEFAULT CHARSET=latin1;

/*Data for the table `company` */

insert  into `company`(`company_id`,`company_name`) values 
(1,'FON'),
(2,'CloudAfrica'),
(3,'DonDin'),
(4,'Dragon Ball'),
(5,'Levi9');

/*Table structure for table `document` */

DROP TABLE IF EXISTS `document`;

CREATE TABLE `document` (
  `document_id` bigint(20) unsigned NOT NULL,
  `document_name` varchar(50) DEFAULT NULL,
  PRIMARY KEY (`document_id`)
) ENGINE=InnoDB DEFAULT CHARSET=latin1;

/*Data for the table `document` */

insert  into `document`(`document_id`,`document_name`) values 
(1,'sdfsefaef');

/*Table structure for table `document_field` */

DROP TABLE IF EXISTS `document_field`;

CREATE TABLE `document_field` (
  `document_id_fk` bigint(20) unsigned NOT NULL,
  `field_id` int(10) unsigned NOT NULL,
  `field_value_double` double DEFAULT NULL,
  `field_value_date` date DEFAULT NULL,
  `field_value_long` bigint(20) DEFAULT NULL,
  `field_value_integer` int(11) DEFAULT NULL,
  `field_value_string` varchar(50) DEFAULT NULL,
  `template_id_fk` bigint(20) unsigned DEFAULT NULL,
  `template_field_id_fk` int(10) unsigned DEFAULT NULL,
  PRIMARY KEY (`document_id_fk`,`field_id`),
  KEY `field_template` (`template_id_fk`,`template_field_id_fk`),
  CONSTRAINT `document_field` FOREIGN KEY (`document_id_fk`) REFERENCES `document` (`document_id`),
  CONSTRAINT `field_template` FOREIGN KEY (`template_id_fk`, `template_field_id_fk`) REFERENCES `template_field` (`template_id_fk`, `template_field_id`)
) ENGINE=InnoDB DEFAULT CHARSET=latin1;

/*Data for the table `document_field` */

insert  into `document_field`(`document_id_fk`,`field_id`,`field_value_double`,`field_value_date`,`field_value_long`,`field_value_integer`,`field_value_string`,`template_id_fk`,`template_field_id_fk`) values 
(1,1,NULL,NULL,12,NULL,NULL,4,1),
(1,3,NULL,NULL,NULL,NULL,'sfsdf',4,3),
(1,4,NULL,NULL,143,NULL,NULL,4,4),
(1,5,NULL,NULL,NULL,NULL,'fgfgfg',4,5);

/*Table structure for table `person` */

DROP TABLE IF EXISTS `person`;

CREATE TABLE `person` (
  `id` bigint(20) unsigned NOT NULL AUTO_INCREMENT,
  `email` varchar(50) NOT NULL,
  `first_name` varchar(30) DEFAULT NULL,
  `last_name` varchar(30) DEFAULT NULL,
  `mobile_number` varchar(20) DEFAULT NULL,
  `gender` varchar(30) DEFAULT NULL,
  `date_of_birth` date DEFAULT NULL,
  `position_id_fk` bigint(20) unsigned DEFAULT NULL,
  PRIMARY KEY (`id`),
  KEY `user_position` (`position_id_fk`),
  CONSTRAINT `user_position` FOREIGN KEY (`position_id_fk`) REFERENCES `position` (`position_id`)
) ENGINE=InnoDB AUTO_INCREMENT=18 DEFAULT CHARSET=latin1;

/*Data for the table `person` */

insert  into `person`(`id`,`email`,`first_name`,`last_name`,`mobile_number`,`gender`,`date_of_birth`,`position_id_fk`) values 
(2,'marina.guzvic@gmail.com','Marina','Guzvic','+38164/933-9101','Female','1995-05-07',4),
(3,'milos.djordjevic@africa.za','Milos','Djordjevic','+2782/123-456','Male','1996-11-10',1),
(4,'anjaxbasara@gmail.com','Marinica','Guzviceva','+38164/933-9101','Female','1999-10-26',2),
(6,'jovan.ilic2@gmail.com','Jovan','Ilic','+38163/155-6666','Male','1995-11-30',4),
(7,'petar.trifunovic@yahoo.com','Petar','Trifunovic','+2782/123-555','Male','1994-09-12',2),
(8,'jelena.iles@hotmail.com','Jelena','Iles','+38163/129-1286','Female','1990-02-04',4),
(9,'ana.dandolo@gmail.com','Ana','Dandolo','+38163/129-2323','Female','2000-06-21',1),
(10,'the.black.cat@cupboard.com','Mile','Bubisic','+38163/129-111','Male','1993-05-10',3),
(11,'orange.cat@basket.com','Cira ','Spiridonovic Djordjevic','+38163/144-333','Male','1999-06-11',1),
(12,'invisible.cat@cupboard.com','Kaja','Djordjevic','+38164/966-7777','Female','1997-02-09',2),
(13,'zojica@lap.com','Zoja','Djordjevic','+2782/123-1111','Female','2000-05-29',4),
(14,'sniffer@food.com','Buddy','Njuskalo','+38163/144-2424','Male','1989-12-30',1),
(15,'igor.stanojevic@hotmail.com','Igor','Stanojevic','+38163/144-331','Male','1991-02-06',3),
(16,'lana.dragojlovic@gmail.com','Lana','Dragojlovic','+38163/155-7878','Female','2000-03-09',4),
(17,'lana.dragojlovic123@gmail.com','Lana','Dragojlovic','+38163/155-7878','Female','2000-03-09',4);

/*Table structure for table `position` */

DROP TABLE IF EXISTS `position`;

CREATE TABLE `position` (
  `position_id` bigint(20) unsigned NOT NULL AUTO_INCREMENT,
  `position_name` varchar(50) DEFAULT NULL,
  `company_id_fk` bigint(20) unsigned DEFAULT NULL,
  PRIMARY KEY (`position_id`),
  KEY `company_position` (`company_id_fk`),
  CONSTRAINT `company_position` FOREIGN KEY (`company_id_fk`) REFERENCES `company` (`company_id`)
) ENGINE=InnoDB AUTO_INCREMENT=5 DEFAULT CHARSET=latin1;

/*Data for the table `position` */

insert  into `position`(`position_id`,`position_name`,`company_id_fk`) values 
(1,'Accountant',1),
(2,'HR',2),
(3,'QA specialist',3),
(4,'Java Developer',4);

/*Table structure for table `template` */

DROP TABLE IF EXISTS `template`;

CREATE TABLE `template` (
  `template_id` bigint(20) unsigned NOT NULL,
  `template_name` varchar(30) DEFAULT NULL,
  `template_file_type` varchar(200) DEFAULT NULL,
  `template_file` blob,
  `template_file_name` varchar(300) DEFAULT NULL,
  PRIMARY KEY (`template_id`)
) ENGINE=InnoDB DEFAULT CHARSET=latin1;

/*Data for the table `template` */

insert  into `template`(`template_id`,`template_name`,`template_file_type`,`template_file`,`template_file_name`) values 
(3,'Tamplaet','application/vnd.openxmlformats-officedocument.wordprocessingml.document','PK\0\0\0\0\0!\0ߤlZ\0\0 \0\0\0[Content_Types].xml (\0\0\0\0\0\0\0\0\0\0\0\0\0\0\0\0\0\0\0\0\0\0\0\0\0\0\0\0\0\0\0\0\0\0\0\0\0\0\0\0\0\0\0\0\0\0\0\0\0\0\0\0\0\0\0\0\0\0\0\0\0\0\0\0\0\0\0\0\0\0\0\0\0\0\0\0\0\0\0\0\0\0\0\0\0\0\0\0\0\0\0\0\0\0\0\0\0\0\0\0\0\0\0\0\0\0\0\0\0\0\0\0\0\0\0\0\0\0\0\0\0\0\0\0\0\0\0\0\0\0\0\0\0\0\0\0\0\0\0\0\0\0\0\0\0\0\0\0\0\0\0\0\0\0\0\0\0\0\0\0\0\0\0\0\0\0\0\0\0\0\0\0\0\0\0\0\0\0\0\0\0\0\0\0\0\0\0\0\0\0\0\0\0\0\0\0\0\0\0\0\0\0\0\0\0\0\0\0\0\0\0\0\0\0\0\0\0\0\0\0\0\0\0\0\0\0\0\0\0\0\0\0\0\0\0\0\0\0\0\0\0\0\0\0\0\0\0\0\0\0\0\0\0\0\0\0\0\0\0\0\0\0\0\0\0\0\0\0\0\0\0\0\0\0\0\0\0\0\0\0\0\0\0\0\0\0\0\0\0\0\0\0\0\0\0\0\0\0\0\0\0\0\0\0\0\0\0\0\0\0\0\0\0\0\0\0\0\0\0\0\0\0\0\0\0\0\0\0\0\0\0\0\0\0\0\0\0\0\0\0\0\0\0\0\0\0\0\0\0\0\0\0\0\0\0\0\0\0\0\0\0\0\0\0\0\0\0\0\0\0\0\0\0\0\0\0\0\0\0\0\0\0\0\0\0\0\0\0\0\0\0\0\0\0\0\0\0\0\0\0\0\0\0\0\0\0\0\0\0\0\0\0\0\0\0\0\0\0\0\0\0\0\0\0\0\0\0\0\0\0\0\0\0\0\0\0\0\0\0\0\0\0\0\0\0\0\0\0\0\0\0\0\0\0\0\0\0\0\0\0\0\0\0\0\0\0\0\0\0\0\0\0\0\0\0\0\0\0\0\0\0\0\0\0\0\0\0\0\0\0\0\0\0\0\0\0\0\0\0\0\0\0\0\0\0\0\0\0\0\0\0\0\0n0EUb袪*>-R{VǼQU\nl\"%33Vƃښl	w%=^i7+-d&0A6l4L60#ÒS\nOX\0*V$z33%p)O^5}nH\"dsXgL`|ԟ|Prۃs\Z?PWtt4Q+\"wa|T\\y,NU%-D/ܚXݞ(<E)\Z\0;NL?F˼܉\Z<Fk	hyڜqi?ޯli\01]Hgm@m\0\0\0PK\0\0\0\0\0!\0\Z\0\0\0N\0\0\0_rels/.rels (\0\0\0\0\0\0\0\0\0\0\0\0\0\0\0\0\0\0\0\0\0\0\0\0\0\0\0\0\0\0\0\0\0\0\0\0\0\0\0\0\0\0\0\0\0\0\0\0\0\0\0\0\0\0\0\0\0\0\0\0\0\0\0\0\0\0\0\0\0\0\0\0\0\0\0\0\0\0\0\0\0\0\0\0\0\0\0\0\0\0\0\0\0\0\0\0\0\0\0\0\0\0\0\0\0\0\0\0\0\0\0\0\0\0\0\0\0\0\0\0\0\0\0\0\0\0\0\0\0\0\0\0\0\0\0\0\0\0\0\0\0\0\0\0\0\0\0\0\0\0\0\0\0\0\0\0\0\0\0\0\0\0\0\0\0\0\0\0\0\0\0\0\0\0\0\0\0\0\0\0\0\0\0\0\0\0\0\0\0\0\0\0\0\0\0\0\0\0\0\0\0\0\0\0\0\0\0\0\0\0\0\0\0\0\0\0\0\0\0\0\0\0\0\0\0\0\0\0\0\0\0\0\0\0\0\0\0\0\0\0\0\0\0\0\0\0\0\0\0\0\0\0\0\0\0\0\0\0\0\0\0\0\0\0\0\0\0\0\0\0\0\0\0\0\0\0\0\0\0\0\0\0\0\0\0\0\0\0\0\0\0\0\0\0\0\0\0\0\0\0\0\0\0\0\0\0\0\0\0\0\0\0\0\0\0\0\0\0\0\0\0\0\0\0\0\0\0\0\0\0\0\0\0\0\0\0\0\0\0\0\0\0\0\0\0\0\0\0\0\0\0\0\0\0\0\0\0\0\0\0\0\0\0\0\0\0\0\0\0\0\0\0\0\0\0\0\0\0\0\0\0\0\0\0\0\0\0\0\0\0\0\0\0\0\0\0\0\0\0\0\0\0\0\0\0\0\0\0\0\0\0\0\0\0\0\0\0\0\0\0\0\0\0\0\0\0\0\0\0\0\0\0\0\0\0\0\0\0\0\0\0\0\0\0\0\0\0\0\0\0\0\0\0\0\0\0\0\0\0\0\0\0\0\0\0\0\0\0\0\0\0\0\0\0\0\0\0\0\0\0\0\0\0\0\0\0\0\0\0\0\0\0\0\0\0\0\0\0\0\0\0\0\0\0\0\0\0\0\0\0\0\0\0j0@ѽQN/c[ILj<]aGӓzsFu]\ZU\r	^[x\01xpf#I)ʃY\Z*Di\")c$qU~31jH[{=E~\nf?3-޲]Tꓸ2j),\Zl0/%b\n\Zzŉ,		/|f\\Z?6!Y_o]A\0\0\0PK\0\0\0\0\0!\0dQ\0\0\01\0\0\0word/_rels/document.xml.rels (\0\0\0\0\0\0\0\0\0\0\0\0\0\0\0\0\0\0\0\0\0\0\0\0\0\0\0\0\0\0\0\0\0\0\0\0\0\0\0\0\0\0\0\0\0\0\0\0\0\0\0\0\0\0\0\0\0\0\0\0\0\0\0\0\0\0\0\0\0\0\0\0\0\0\0\0\0\0\0\0\0\0\0\0\0\0\0\0\0\0\0\0\0\0\0\0\0\0\0\0\0\0\0\0\0\0\0\0\0\0\0\0\0\0\0\0\0\0\0\0\0\0\0\0\0\0\0\0\0\0\0\0\0\0\0\0\0\0\0\0\0\0\0\0\0\0\0\0\0\0\0\0\0\0\0\0\0\0\0\0\0\0\0\0\0\0\0\0\0\0\0\0\0\0\0\0\0\0\0\0\0\0\0\0\0\0\0\0\0\0\0\0\0\0\0\0\0\0\0\0\0\0\0\0\0\0\0\0\0\0\0\0\0\0\0\0\0\0\0\0\0\0\0\0\0\0\0\0\0\0\0\0\0\0\0\0\0\0\0\0\0\0\0\0\0\0\0\0\0\0\0\0\0\0\0\0\0j0E}-;}PBlJ!\0E?,	`HI`rsπ6w{r茯{*xAkWk*`[^^ljNKD8R1d:4e>K/4Vm^urw2NP0ŮVw5jo7o:>S!?p8JX[d0KDEVKc2P,ũa].ﰘsYҡ+(!O>z\0\0\0PK\0\0\0\0\0!\0M-\0\0XT\0\0\0\0word/document.xml}nǖ=ɀMNk RቃcM`^4E۴(RCQ; `s&Ec#SꮮKWU)@\"ZjUU9vAJ1_Xu~7{e}%w<j[Asm?lGWNCC>:j_[?\Z]][;npp<;ʷkwڣpT(oGAs|k[+thN;Fή\n\Z5؅Z0ɰqe\n|*1ԙ|eR\0ϸ6Aʐxx>X\r>a@.X1$n6q\"0-V(8gǜlh7ӱ@\rƢLfQ;f~ia{u B,!@W6Ź3~]EkB^֪+Ioo*f<\Zmawmt3\\YCqRg++\Zt;Qk8B_#@\0~!/V|v?$	Pbc}FS\r;ǝƟ&&Oǯ\'Ɵ\'OУs0ƈAp>E6V^5M\'HߎogyAb}*D0dB3oFWTʕxrPjrJ[.nG\0EVE\n9e%mXh$;b^*VzyfRoRw`/bP<?s ,@bΚ(,P_ Y9C?C~y#in9\'W_\0LL`=wL;;Asa\\UHpaɯ)S7ߚEn4o̽fAS\r+K99ߏ?\"=$kPsoOj;bcKB=#$`{A]BēY<0N4`	Edsۯo![EȨEP+BſYhۋrfS2A Ǌ@s\r^gh/Z[6 °\"#*fPT}ͯu׿A6!C!ʈSe3G;Iʍ?B-ޣT@dU~8>goaS\Zl_	~@0|<)9g\")vˡK!hkؑN*\rBHG8c?V.b٭]9C0.-/1~~!վyR1I>ŤZ\\:sߑ?G&pr:~\r\\ .ښ	il)aKj],b=H^cu|.^(7dZYW@jo$2YF|ARrX`4J;NaۜfHhs)vFQ]вmŅDڂO$C=䔐VT?a!U|\n\r\"GJf^)`y䦧O(6W?|lp!a0u\"K4{nͷ8]r</P$`LHdmWL\\fO3_I}BZA\rNnwqC<C#~&iaBrlߓS009WaPGG#n@S0G_Q\Z`#W>,K$5g;nkxЬ$D+:i\'\01Ys5Bє*XsR8\"QbutQ#pI`VuylD s7u`<5t;v#l4oDb>\"Me}#)\"Rȃ؃^\nYP*Ttmu2a&ϧd4Rh:LfܠV\Zymzȇ	\\EPUG❙]4U/wj	=. \ZO/h |7Qk48|)KSEY_x{)QB_~?\\R%E;n͆bfb9o5bi#F]4HS(\'NWюS*pT%S	`7X!x[Z3RyYGwT҄Y!Qcv*/32v&L~6(Yv\nr:\nyVig.#b\"i@LPc\",\nH8\n@WHBVЏx\Z^:P=Z\'Й3(󌤿\n\\(rG= {9eȭ~$1eb!uA-/o!8.p(⸌r,t.kR,W5rYajnYu ,ȦA-O[ہ\'\npƇXLUDOgEiu˶j,7t@X7ª(#<P:R\\|g &f9J,H-ѸN:SL,T)W)*>\0||SPM\0T\"k057I\r6ӐxlUa*R)-?n˚Ƨ	ߨԶ*⾎j2=	qOJpvw͒Q<tXH>,#حʡ9P(mDmW6\0[ӲUTUL!sB>[nY/@ULzOaJBOy&rdM%^p5ψ&`ID@$0	XGL;CS#xs.<PY+׸uޠ\n|e:)\";CzN3j4_L>5MDuk8!jbP7s\n_#:L(2Jw[x?WԌ[$\"L%*/b1IlqXLH~h%M~x✏)dtyοkvq~2z]x\\mXU\\5$)$\rpL.;\"Y\ZeG\000ԋI$?s:G)!ӡ$W\\:8rq*2W \nE	\ZY-oxO&|j9H}A\nIr\re_үhYplL	;x ǂd><6O\rSiXੀ\\=_`YHPU|1KDp;Ź+q*LMx\Z zu{:2SH%uB9|ǣ^^96>oڭd`U?F9\njATqFDU|Z`BvP@/lMಱ[^YaBfNGDo9v٭\0eގe,%C>jnRsU*4ЙDĜR=~\nYBewD:\"#9St:]\'-\'&8d&]\"a\r ek`\0\"_ؙ~6#\"	*.w	|G`|<\Z.RU|IRyc*is|nlx%g/#GIBf踒!tb8ST.UAY\"Z&%`d/B$_P\0%;@R.|>$.%ӛ;FMo?n(?#PoQѥy\0^[Rubu8@7\'c4j/!jj8N\rrb;26jkxIY=ÌBB,<gľH쓆	`G*o\"Mɒ_\"`U4/ ?3bqxJ~O\rPUvkzUTߘo{&bgD-+:5ȑlN)S\\G^Cnn\Z)ڀWK\0V I@^^ܰe6rz4t4Iv4$\\53<p)GQyXqJYƊρ.VWA\'\"*Ki\0<IVأCO.	_q%?\'dGё?#J>Aszҿ9-1Pq\Z34p!j(Q.4$[y$-eLsR:6u4&Z+_hn*.sHpK!>u VRl\n)mzB=,k^ve.\'\\Ljr24hHlHE`	@%ݞ^aC9r[;˧v\'ě[(al\r9!s.hraAhlVCdDŊb\0WDjvݪOrĕQkFc4փͭR>3͊IpfR.W>t\\6%{\'6iݻ毲vsQIBsky~\0{g8x.[ۃV<\ZƱVBEla*qaI0+s/.ȮUeZaٰRX6U&0U_1\n՘@,_A.5R5|qUMQ$&Ipv^TM(Nvuʵ$}1\"n\ZȆ͸tAxb_O;>J&W.zԠ?&Zbom?hA\"݃%USŵ\Zuݻv!RgxJ[r1tsd]\0>#4D,Qkh/|geH&F}d̞.z^Jɞ8=|¶BYeͤ6Q[dcD@>(Kq&+cJ+vfnIAi[ܙQY\nMh\'1525T/ (\nS,C0F_ƿCކ낤ou7!䯂&<eYLg:e	x.\0]²S3bT,굲=l-ު+5*a 8}}9k	L;9_%\0xQ(\0pQt\\~rj;.Ҥ\"OhQ.C6ԡgkW\0wBQqo}&Û\'onԥ9I\rn\rα	E97ag_6DT*7\"]{re;F]Ut;3QI:sy53]sCrN{:I˘&eh,$a|Z(*Zd,^&M-Ӱ|71\\URF,{8%=vzwAt*Q]m7jr!FEMo`7O0ҦG>n&ۉee^;9uYVgxuM:%jLXmY9\"X\"J(a3&n`p3F^)IVBtћs3-^x%h\ntz1>N˂> aGa|vl.D\r^\0iZj <5$]\\B0!y*6,UU\r\'j\'bF(<a昗u.>wXȄkuk=;=`Ʃ_I$htGdɢ$2/?x߇.<!4CCaaA&p%mR3PN=:A.%x\"wɬa@둔i9(l+3-%i`c0#;\n\"1Ī7m.s\\l\0>\'PNf+bL/4E6ZC#)9xZA?[!3ҲֈSD;V/aX0\\-jJq0qv)io\'X)p!ܧ32Ao3TfC\ZEީgIoDګsJᡱ[;&4h-$aJJvDrY.C]^@`*GRenϰT@Ez88aCz0@vSq=G\rnrk#3dav\n&\'n/\Zuǌv~yAC(]ɛnX/H:蒲p|h\'Kz6S&h1IZ}Se9=ҫ5{\'7CQ>FNQJ09T!n?^g䋶&N& Fl<7Z}ah{>@N2P<.<Q}0.4,OmR,	o_є~?}r֌xΠP8sJ\0w1\0 &_f3DDgJFu\rOi+0_\0\nlݸK|2/O:C:[<:Q;@tJ/~\0	%c	^zYhGw7Ep̩ \ZJkvMU\Z\ZU˥ެmdVx[R]brܔˢYEŐ83㩉b|g\'ժN؝ޒdEJip5hYXd\"JbAX:sg	iw@ꌮ<6&)۵NU*RnQߖ(>I[tR|LM\\{xCs7D >,uYD!(\ZLREǂ*&UnK Ww`o,n>L˓$UmWYوQƒS7;0nD˲8-Dd&FûܱR+ԛ]6yԽ͐5Y =OWm$D5Bj1Ƅ9\0fHcLs:z|!nJ`3ΰh@.7G@V	@&Z60uRv\"$+pK#]O]琵=MZ7$6xyGT\'gυҫquh{D>Y\ZhHi9%.C|6Hzŕ/M2Mh.C%rO\nI5 nผ\0YhX<td\Zk	auxrX/p1X\":R+r^6$IӐ)MYx=+\"cuZ}\\ݿ,.HFV<K[e&2\nQYWٓﱲ!+Y3tfnwĦmn31ޣūQ3Jk/SĵE2Y^cWv38q\0;n6W-lD05b*{O{& ͠s9w\\x)JFm:?e[:nj\r77g&g]-gB~gmtiTy\ZI;uг\r14Hl4M:vJ;jN8kVO&j0A{볓{b*\0[Pn`{ܲ2DvYPe!fevea)k\ZY94KlYZ5bN[ Y !=7\rZ[z!G\"w*d[=1v$SyLXG+)S2&Mu.y*-Vi9[`d\'H%/Ѫ~P,|.#NݬoWHZ.ϊX2/ż3^#X%l!OH\0|ȄyVT+8^@/9椷s3}PsJ#{O]pp=>_\r\07QNCF\'s0+XQvy`wy	#F,L>Bmrbn݈\Z`~^H(Xvʵf?Q`H賑]G\'Fkr\rZvH]vG^kr8r5*[R(FG9NG5:x\']LΞ4-e۵3ZSJkٽĦozR(9)Q\\cGqJ4PVZOڢ\Zd*XLPz8\"wl|x$~Aӧ=LјI)RԮby\'<VU;qKuH`S~$[_ީ\'T:.-.u&,35\\^\rKZ\0R\r@$)P\Z\"(̲8=iZ\rQsCq=4y1<Wy -QRiQ\\]H*E V!yy 5Bٔ\\:\"f{퍉/R\0ucPܱ%NƌXm JW+UJZT%(8DBW)N?AlN+A\'xa	ﮭ:M`Xu89]֩Ȧ_ŭčuY<pSxąXrPE8JUd,Iv?ا+ũ;\ZuF3Vli.V.d4@4\ry6yy2k\\;oj/ĳJMn^]펨,:gKS!+Nhn`\n0̲ni#IXڪ(~T.\0N9ROU2dV^<DV¦<oOWl7(YHYSRoMx\"g\n2(]͵~d)hlrp<h,\'-+\nl^UES,CyzP5P\Z˹6-hۓ1]F ps{pzߟc$Deu7DGsí]B\nav(BP9.lUM16BH]VF̩ƎdNuV)C2ȗ!DC̓sf\"ktk^[H%<΋D5T5<THJ0}IG>XPeȻ\r`f!5X6&C3IĮ5kH;|[HLB\ZӸS!b:L@.e\n˜jȢCa2A=%Yv. -UjR]+puw,|	<LBtzp2YrГF!zS4y ARr4Y\nR7۹Bb8zݺ^͍zaopw3<>\Zڝ㽃aBYq^]T/V½gs_AMSϛr#p*x2=NvE+-TJXTӈcqaNc<\0AFfXoU9\Ze26P@v~i7Y.-/Π#7~{(H\Z^5>\rGfQHPSx]|j2%%!؆nx6ݰP$ATC4ʄob<W[35<SHLjU_W\')i*R\\Q.\ZKFuRv>dV>u\Z^(K儑Q`zv˹ݗʵ`,rd{7]uM6&n-J@XdjR\n2\08PѾ=|CڍQGzibj& oGAqke6oGANW㇃tɦc!zcMtLjܒBe@XP\0Vܭ@Xeo4k]7+R|J܍K6rx&.i:$R琦&II%~\';`n}׹RT@wnaY/Cm3!Z_&ɓTW{vQrv3r\\(%7q8u#C17ld :`\0rk)[_~F(X3o]YNVueszXV\Z[Rk^f\07d0\"Dިo\Z\n\ZeB	\nU8ѬoƝgp mhfgZJ%%XVAZ/FJ~} \"FrWuA	sٮx+:DcSc\'CpX[٫\nj5nUW#Ka	20,@%vd#j1\"䅠sxưp٨6$Gjȥvɬ-;3v)oc3X\0z\\V|#^טE\Z4\na&C1FL\r&.Eӷr˒d)&\"&vHړ5EW֋\rБCkX.&ߐV*@6c-s:>R	\"\\&A/bT\"%aoDF&#7Aޖս6?&w+x2m {E,8L97zKhP7oڝ{jjNsBXsNKT)jcR{\'HKo/?ONgc?B	1[|1M{oD0=Ɯ@n9o}Rl3z,>\Z-LwSm\n;\ZF?nҷ[8֥oSKߞEC1×:́@vM:v=ID)>?ôF!:7_dACpQJEbm !q<24.9riNϓpFvT12H^͉7de5\'Pڮ<<hqJxkré.^PHRS-kS8}\nE뉄+ uˤb18(ӓ/tOv\"q:\0N\r\\yc9ga<~EoO)XW;✣A}rn{Ȗ8bpIՏG)>ȓ`[\n9,3v{նSᐝ㤗z(XgoE*E(Cak!`?~dONǯHLgz:6N`#2*VB3cꤧT#%Dg?p8=Zb!AVVⳋI.\0ɴs0O,e[R%Huچe+\0IFz>M[X*RmA\r颙\n/I}W@\'4_\Z2ލ_ON\'O/Q\0o=plN\riP<aȨ\"! Prd\\> :G8@UU\nvbe:p!@o<HB	\"^6|M$VmE*uaCTU\n@?#%pKwinۃ)][)JƊzv|_\rRz6[}|`4\Zn ;Cr`0bw2ڃ,ޘ?h_v\Z~VwFPkZ\"`;a?\0\0\0\0PK\0\0\0\0\0!\0R%#\0\0\Z\0\0\0\0\0word/theme/theme1.xmlYM7c7c;i&%GyFQI]%9\ni顁z(m	mSxlɖYl`)YZJ4WN㘦z\04iqK-p3GܹᎈQO8ӝrKtR7,BVYT<~RU*rq&f.YC@A\Z\nNs0pIǑȅ8w/FDloa0\'5eǢu=]W\0\"6q1h,)\09Ӝz^[`5P^77]/xʋ~8W1@yѳĤY]@yoV}i(&8l+^]BƔ\\۞;l>ZS6\0\\(p\n|08<b(o\nSesVVqUIE YMh\00<c o^sp_N?>}\ZL#_S^?ʎ:>/@_}^}?<t!N71M91\0hanM#SXsHCf2)6}Af[\0SJzYt=K,샳\rml-TwlsȠyȔHN؈>t,=z[CrGjZ]ÉFPۈ]У澏L\\\"b*	XÄ=(bɃ9s!3!B DlnA{<1L\r)Ց}:cLq\Z؏D.QnQa%Ae`5w12}޾#վ@m	D8\'c\'8=Sd{.շO{!˰uG6ܺxkw[Hntto/+V⪮$[cLȁǕs9p(UE-,.3p`p*\"pq0\\; dykZ<J(V|)i$FstjzT.d6In!,\Z fv.,Vk\0~ܜ\\o0Sn_d3-k3iL2a֛9UJ\rzY(6i4[\"יiI\Z8{I7vb2xDi	\"EY>qS],\'ri [xAɵ+/rKO2\ZQ /wb}KpV3I m(5Y\0C2!f^EqM[lE!pqbUyIGb>+(ʒ֧FY&[Դǻ;5V+7XҽuB붝o hV2jV9^Ksqާ^j&\\}y]Ut\"G\\	Tk.\'8*^k_AɭRK]ϫW^ʠ8zC<C7/}KR\\/4)Su.+cZ`ڰ]o\Zv;,^R7þÇ8R`[ƠUjT}6*Vtkn\"rw^k\0\0\0\0PK\0\0\0\0\0!\0\0\0\0\0\0\0\0word/settings.xmlYnF}_`z̾l`HلyI[đ9f7_L骮>u>ce\\ػ`uQ46/կ2\\]cY6V}??bpA*a]Wح}Qgû+\Zm_g#8tܖU9>_ ЫzuIe]vh$nrW-{Iݡ.q/*mmEMⱮ~O,>}E[̛@9,hgU$΂S_)oTn?i\Znil[QTt.Ȣ\nڶxZwE#PL`u5yxm7cQǌl0>ۍEط/olǘ¶\'VOs6Ǆ &ɪ)bևv&ytۋ!_Re^Nlld0q`P4?nx fOnʾoMN~+l,n(|ʾ}yrqܫaDU8_v\\A̵	=#AwcHh%X\nBa70ڬ80	\"^HaZͦ?7&43\Z\nAN\n	M!r|R9Fxd|6h!R%PgRh5!ZC$\"hgJHKn,#EmJ\0W*406ㆥ\nz\'\\\nIBۦP|	-Js\"JC	Ǳ;\"abFE\"V\nBˤR+;b>+9əN(v#^*%$MFsSxaTQ\nqU::;қ@v(=JBv6>V>țx ; LZj<T\nFf\'04\\kFC@[ؐQm6@SW$kNkJ/^&A/ж<C%gB*\Z揑*2xͥ4WzVh\\eLYF6ks>\\0N%[+I\\qRq8ӐXe\Z	P@0zC˜ŶyR:\"Ļ\Zuh ;\"GBk?V!VBl涵\"§kmN83Cژ6]0Om^T,0㲞o!E6)>DSE,13BoGŻHh9ԿFh\'e$b1Yox171B&KOFnAi\\ЧDx=u*-T{8S H>Q:qᓞK+KǧjrsΥJ1́mitS0b}K}U,A6o8cC\'(mzc9pF4\n{(%2IAŕ\"t4<\'$R<2G28KsIli*HJ%7?4gV\ZQ2%+mŧPOK0޿y=xi2ꕒ	xo4[<(M;UT(U|S\nZB$quVs|MQ\"m_f7kc?Ymo%9luVUv0NˡK]dYG[b]ӫBo}x	taH?>EСzg</?eܷh.Ufp.n;[o*G6]5+0>c?43}8E?s\\M-mܦ6=?wE_Ծo}*$YW$\npz.Xqu1te^gGS*{nW}\'l}!lJxWLNq\\oϏIW0n.볱_3 5R?c).c>=ye~Wű4M%J/vs>9en\0\0\0\0PK\0\0\0\0\0!\0\0D\0\0\0\0\0\0\0word/fontTable.xml]k0Be\'釩SZ~ȶ>/~ǲmBm0{Gd/=(g%\nU.-%r,A}X}t啳Q&6O4fubk3-j\n$c욎Uى6\ZBZ8Һsh;!F<Õ0d\\fx)oF,/dKm0\Z.`Zm[2ڞ낲`I~hC²:0ZDsܫ6/lCtc9%65\\̧a]%\"gZL\'&^@Ɏ|w7d\ZM,Gof~\Z^6Rbrssq6WU7	&o;!y:O	_`\0\0\0PK\0\0\0\0\0!\0[m	\0\0\0\0\0\0\0word/webSettings.xmlJ1;,Y-T>@ζL&̤kH/I23;\rX֌ yZj|pm*).-]قl7=,)*I\ZYků)Cǎ]ђWnfW\"Pv\\Wf)\nu]pK~ʮ2D):dSx<>=t!3	ue\'Q>w\'@ܯ[D@\'3S̀r	>`N|v1Rp\0\0\0PK\0\0\0\0\0!\0$\0\0\0\0\0docProps/app.xml (\0\0\0\0\0\0\0\0\0\0\0\0\0\0\0\0\0\0\0\0\0\0\0\0\0\0\0\0\0\0\0\0\0\0\0\0\0\0\0\0\0\0\0\0\0\0\0\0\0\0\0\0\0\0\0\0\0\0\0\0\0\0\0\0\0\0\0\0\0\0\0\0\0\0\0\0\0\0\0\0\0\0\0\0\0\0\0\0\0\0\0\0\0\0\0\0\0\0\0\0\0\0\0\0\0\0\0\0\0\0\0\0\0\0\0\0\0\0\0\0\0\0\0\0\0\0\0\0\0\0\0\0\0\0\0\0\0\0\0\0\0\0\0\0\0\0\0\0\0\0\0\0\0\0\0\0\0\0\0\0\0\0\0\0\0\0\0\0\0\0\0\0\0\0\0\0\0\0\0\0\0\0\0\0\0\0\0\0\0\0\0\0\0\0\0\0\0\0\0\0\0\0\0\0\0\0\0\0\0\0\0\0\0\0\0\0\0\0\0\0\0\0\0\0\0\0\0\0\0\0\0\0\0\0\0\0\0\0\0\0\0\0\0\0\0\0\0\0\0\0\0\0\0\0\0\0\0SMo00|od;i!ö۞5Nɒ A_?n<ei:=~[g#]35Sjgmq	b~\'>~<3q8HB\'̰gm{^;Ȫa`hD#/iT/>\'O|y#ķ5;&/JSļdCDQ.g#曃R!uQb~Y៼7ZIZ] ;8KS8=e5h<	aIFDQT^d6J\0V^WGPBO\Zrgey(1m4l| j\'{iZBC4T7T-\r!L\ZFTٹyilB_^:ɿh<T4UI\r\ru`\nt9yt5:h$~\0\0\0PK\0\0\0\0\0!\0cCx\0\0\0\0\0docProps/core.xml (\0\0\0\0\0\0\0\0\0\0\0\0\0\0\0\0\0\0\0\0\0\0\0\0\0\0\0\0\0\0\0\0\0\0\0\0\0\0\0\0\0\0\0\0\0\0\0\0\0\0\0\0\0\0\0\0\0\0\0\0\0\0\0\0\0\0\0\0\0\0\0\0\0\0\0\0\0\0\0\0\0\0\0\0\0\0\0\0\0\0\0\0\0\0\0\0\0\0\0\0\0\0\0\0\0\0\0\0\0\0\0\0\0\0\0\0\0\0\0\0\0\0\0\0\0\0\0\0\0\0\0\0\0\0\0\0\0\0\0\0\0\0\0\0\0\0\0\0\0\0\0\0\0\0\0\0\0\0\0\0\0\0\0\0\0\0\0\0\0\0\0\0\0\0\0\0\0\0\0\0\0\0\0\0\0\0\0\0\0\0\0\0\0\0\0\0\0\0\0\0\0\0\0\0\0\0\0\0\0\0\0\0\0\0\0\0\0\0\0\0\0\0\0\0\0\0\0\0\0\0\0\0\0\0\0\0\0\0\0\0\0\0\0\0\0\0\0\0\0\0\0\0\0\0\0\0\0n0Eq$HmŪHuǲ\rд,Ǚ!ϼ=h#\n 2\\U^S<c4+$$M뫘\Z^t@[sJDL%hm06l\r95GH\\:֥ze[RN-ŕ:Et䬓T;a i\r&Ϭu{Tpm}0˲\Zu1{WbҘ\nA\Zs\"\0MK\\4P[t.0{Fj;[82q0LeK6꽂3j=R\08>/Ph؋odtS3]!>YݬsEm}4>!raՆ`~Z?2A_hL\0\0\0PK\0\0\0\0\0!\0i;{\0\0w\0\0\0\0\0word/styles.xmlܝKs8[߁!ev\ZgʏdD1Ihc> (jb֞l@th>_~}If9h`4KF?y7\nyJF44/^cIx6Zt<MHi*v.yB|	\'kRY:><88iLևK+	Me?h,<Wl״>gE댇4A\'qKK7f<8#_oG87)\"/zWtIʸ.\'O<x>%yؽhY@&xiFb%yq3Һs%i慱El4-O$>[.e\Zb>h쉱i!g#Kñ>qO5	j,*\"kr| 1|xcKʂF7T g>h^g#Ֆ.c<~6z4a,hj|1]X{N?hB^DEAG_B/DV\Z%6]&m+Jd&}PZѶ3˝cWB54ې:\r~VC\'?w?!o6҈TB\0>EhElhEKhE*hE	h%K90Ep\nڢ%ڻ7)pOnݍ?qgo7dVKF,-ly}N#`ONz4r0Uf`ZHD>2X2ЎƢ\rH	G`F2KLgtI3g`J0Hd!6᫉^&E\"a:!aƇwo3ˇeSO[?!Xk^\Z(@a|\ry\Z)M4`iܪ5ni4ӸiqgER?wwsy{p?!%b0|L;W<+ݎ5^{sچk]BR5Kڠ׆I^\'mx%E,O=3/Ehh$.pbxme7c=D\\Jw|^ؖ5\\VYk4C/c>Iׯkq0cL#y*L*d\"9SR_zń~MBX[A\\,3^7>tO?<Eph=RKaH<DL2/sF_d]FN\n8\'ɺZtxЖȋ\"xX\r)$c/Q{\rr\'\r[x93,GUp×	\r%dz8n6p2&yάPy>şg275@oC2IsGxX|ǐQ<_9C|yB|A|@:`:lm:l:3ӿ<W)8S0_q`lzR,M1WHMZd3zB~pe|)Fiu<G{\\lW8_NA޺&Y>(c=[N8ʲq{>+ $+G4Vꩌޫn:=`ڜ71]PYzlmC~\\?fFLg)U@7gQOK~\"ayi}[+~6%%NhclW m,B+\ZR	P^,}?1*S0rSzʎ7ĎIM\ZWit݈uSӠ3ݪe;;2޹Ɏ蝤t3.[A{\\.\nR\\ՀU{9`G\nhX)(s\'B\nZ*D\n`8B{PP!E*D\nhBZj$THA\"BPzqP=NE\"THA\"BP!-T@\"PBNBP!-T@z]\'Th\"THq*\nhBZ*D\n(s\'B\nZ*D*	ڻR\\\n)hBZ*D\nhBJI*D\n]PzZoJw$Gս?pcT l3NQ[\\uG|L\\ҏBk\0>k	Ω̺B޴Eެ+MKue_LtYߓ\"#`ܕfż+[praG+3paxk}s7BW8\Z;+,tivB_	}h\'ikG=lG\Zjw	XWCjrs5LXWCNpr5\Z]\rQnSՐu5$`]=pBb]\rQή(7WՐu5$`]\r	NwWC!ՠJF\Z!\0jrv5DuZEi\Za3qaKΆCdX;VKZ}L	}g\'uwj\\jw	XW%qRqRqՒոjոjNpr5Zt5Zt5Z\ZW-\ZW-\ZW-zlŸ\ZW-u\ZW-]\\\\\\UKUKUKvW㪥6W㪥6W㪥6W%qRqR-%V#_.^TLTxmޓ$eOF*YuX_0TgwO&ԅFĦY}s\n\Z޾H 9qJolmWo\\lLfWW:j)]ߊf6.-MZ͇更O&XUxcBz_PpF,ypKo<!	Zvw	sYuUǺ}@fj&2C1$Կe?˸gsUǶu>^}q-3dÎ>+v\nu\"\"As`}qW4z!J쿤qTkWc{\'v/gjTzKdlnuБƦ/qNdݽ/nO-d5^6S!+o-Ҳ\r=%CF)ܰE<9f);\nzwgZ_iKgMIs|FNC\\-Ԯ5Ԟ/0maƾV/xL,k7%16tJB3gyTl7	ɺNNLtDf^o(\0\0\0PK-\0\0\0\0\0\0!\0ߤlZ\0\0 \0\0\0\0\0\0\0\0\0\0\0\0\0\0\0\0\0\0\0[Content_Types].xmlPK-\0\0\0\0\0\0!\0\Z\0\0\0N\0\0\0\0\0\0\0\0\0\0\0\0\0\0\0\0\0_rels/.relsPK-\0\0\0\0\0\0!\0dQ\0\0\01\0\0\0\0\0\0\0\0\0\0\0\0\0\0\0\0\0word/_rels/document.xml.relsPK-\0\0\0\0\0\0!\0M-\0\0XT\0\0\0\0\0\0\0\0\0\0\0\0\0\0\0\0word/document.xmlPK-\0\0\0\0\0\0!\0R%#\0\0\Z\0\0\0\0\0\0\0\0\0\0\0\0\0\0\0e6\0\0word/theme/theme1.xmlPK-\0\0\0\0\0\0!\0\0\0\0\0\0\0\0\0\0\0\0\0\0\0\0\0\0<\0\0word/settings.xmlPK-\0\0\0\0\0\0!\0\0D\0\0\0\0\0\0\0\0\0\0\0\0\0\0\0\0\0D\0\0word/fontTable.xmlPK-\0\0\0\0\0\0!\0[m	\0\0\0\0\0\0\0\0\0\0\0\0\0\0\0\0\0F\0\0word/webSettings.xmlPK-\0\0\0\0\0\0!\0$\0\0\0\0\0\0\0\0\0\0\0\0\0\0\0\0\0G\0\0docProps/app.xmlPK-\0\0\0\0\0\0!\0cCx\0\0\0\0\0\0\0\0\0\0\0\0\0\0\0\0\0K\0\0docProps/core.xmlPK-\0\0\0\0\0\0!\0i;{\0\0w\0\0\0\0\0\0\0\0\0\0\0\0\0\0\0M\0\0word/styles.xmlPK\0\0\0\0\0\0\0\0|Z\0\0\0\0','file'),
(4,'Tamplaet','application/vnd.openxmlformats-officedocument.wordprocessingml.document','PK\0\0\0\0\0!\02oWf\0\0\0\0\0[Content_Types].xml (\0\0\0\0\0\0\0\0\0\0\0\0\0\0\0\0\0\0\0\0\0\0\0\0\0\0\0\0\0\0\0\0\0\0\0\0\0\0\0\0\0\0\0\0\0\0\0\0\0\0\0\0\0\0\0\0\0\0\0\0\0\0\0\0\0\0\0\0\0\0\0\0\0\0\0\0\0\0\0\0\0\0\0\0\0\0\0\0\0\0\0\0\0\0\0\0\0\0\0\0\0\0\0\0\0\0\0\0\0\0\0\0\0\0\0\0\0\0\0\0\0\0\0\0\0\0\0\0\0\0\0\0\0\0\0\0\0\0\0\0\0\0\0\0\0\0\0\0\0\0\0\0\0\0\0\0\0\0\0\0\0\0\0\0\0\0\0\0\0\0\0\0\0\0\0\0\0\0\0\0\0\0\0\0\0\0\0\0\0\0\0\0\0\0\0\0\0\0\0\0\0\0\0\0\0\0\0\0\0\0\0\0\0\0\0\0\0\0\0\0\0\0\0\0\0\0\0\0\0\0\0\0\0\0\0\0\0\0\0\0\0\0\0\0\0\0\0\0\0\0\0\0\0\0\0\0\0\0\0\0\0\0\0\0\0\0\0\0\0\0\0\0\0\0\0\0\0\0\0\0\0\0\0\0\0\0\0\0\0\0\0\0\0\0\0\0\0\0\0\0\0\0\0\0\0\0\0\0\0\0\0\0\0\0\0\0\0\0\0\0\0\0\0\0\0\0\0\0\0\0\0\0\0\0\0\0\0\0\0\0\0\0\0\0\0\0\0\0\0\0\0\0\0\0\0\0\0\0\0\0\0\0\0\0\0\0\0\0\0\0\0\0\0\0\0\0\0\0\0\0\0\0\0\0\0\0\0\0\0\0\0\0\0\0\0\0\0\0\0\0\0\0\0\0\0\0\0\0\0\0\0\0\0\0\0\0\0\0\0\0\0\0\0\0\0\0\0\0\0\0\0\0\0\0\0\0\0\0\0\0\0\0\0\0\0\0\0\0\0\0\0\0\0\0\0\0\0\0\0\0\0\0\0\0\0\0\0\0\0\0\0\0\0\0\0\0\0\0\0\0\0\0\0\0\0\0\0\0\0\0\0\0\0\0\0\0\0\0\0\0\0\0\0\0\0\0\0\0\0\0\0\0\0j0EѶJ(ɢeh4NDB81$14 {1ښl	w%=^i7+-d&0A6l4L60#ÒS\nOX\0*V$:B~^Kڃ\r/PI~7$iJ&B0ZDutOJK(HxG\rL+vdcӻW>*\\XRmpZ}HwnMVn-\")/ZwB`4	sDXj;A*ʝc֝\04[S9> {V4pW&A|d?\0\0\0\0PK\0\0\0\0\0!\0\Z\0\0\0N\0\0\0_rels/.rels (\0\0\0\0\0\0\0\0\0\0\0\0\0\0\0\0\0\0\0\0\0\0\0\0\0\0\0\0\0\0\0\0\0\0\0\0\0\0\0\0\0\0\0\0\0\0\0\0\0\0\0\0\0\0\0\0\0\0\0\0\0\0\0\0\0\0\0\0\0\0\0\0\0\0\0\0\0\0\0\0\0\0\0\0\0\0\0\0\0\0\0\0\0\0\0\0\0\0\0\0\0\0\0\0\0\0\0\0\0\0\0\0\0\0\0\0\0\0\0\0\0\0\0\0\0\0\0\0\0\0\0\0\0\0\0\0\0\0\0\0\0\0\0\0\0\0\0\0\0\0\0\0\0\0\0\0\0\0\0\0\0\0\0\0\0\0\0\0\0\0\0\0\0\0\0\0\0\0\0\0\0\0\0\0\0\0\0\0\0\0\0\0\0\0\0\0\0\0\0\0\0\0\0\0\0\0\0\0\0\0\0\0\0\0\0\0\0\0\0\0\0\0\0\0\0\0\0\0\0\0\0\0\0\0\0\0\0\0\0\0\0\0\0\0\0\0\0\0\0\0\0\0\0\0\0\0\0\0\0\0\0\0\0\0\0\0\0\0\0\0\0\0\0\0\0\0\0\0\0\0\0\0\0\0\0\0\0\0\0\0\0\0\0\0\0\0\0\0\0\0\0\0\0\0\0\0\0\0\0\0\0\0\0\0\0\0\0\0\0\0\0\0\0\0\0\0\0\0\0\0\0\0\0\0\0\0\0\0\0\0\0\0\0\0\0\0\0\0\0\0\0\0\0\0\0\0\0\0\0\0\0\0\0\0\0\0\0\0\0\0\0\0\0\0\0\0\0\0\0\0\0\0\0\0\0\0\0\0\0\0\0\0\0\0\0\0\0\0\0\0\0\0\0\0\0\0\0\0\0\0\0\0\0\0\0\0\0\0\0\0\0\0\0\0\0\0\0\0\0\0\0\0\0\0\0\0\0\0\0\0\0\0\0\0\0\0\0\0\0\0\0\0\0\0\0\0\0\0\0\0\0\0\0\0\0\0\0\0\0\0\0\0\0\0\0\0\0\0\0\0\0\0\0\0\0\0\0\0\0\0\0\0\0\0\0\0\0\0\0\0\0\0\0\0\0\0\0\0\0\0\0\0\0j0@ѽQN/c[ILj<]aGӓzsFu]\ZU\r	^[x\01xpf#I)ʃY\Z*Di\")c$qU~31jH[{=E~\nf?3-޲]Tꓸ2j),\Zl0/%b\n\Zzŉ,		/|f\\Z?6!Y_o]A\0\0\0PK\0\0\0\0\0!\0\0\0\0\0\0word/_rels/document.xml.rels (\0\0\0\0\0\0\0\0\0\0\0\0\0\0\0\0\0\0\0\0\0\0\0\0\0\0\0\0\0\0\0\0\0\0\0\0\0\0\0\0\0\0\0\0\0\0\0\0\0\0\0\0\0\0\0\0\0\0\0\0\0\0\0\0\0\0\0\0\0\0\0\0\0\0\0\0\0\0\0\0\0\0\0\0\0\0\0\0\0\0\0\0\0\0\0\0\0\0\0\0\0\0\0\0\0\0\0\0\0\0\0\0\0\0\0\0\0\0\0\0\0\0\0\0\0\0\0\0\0\0\0\0\0\0\0\0\0\0\0\0\0\0\0\0\0\0\0\0\0\0\0\0\0\0\0\0\0\0\0\0\0\0\0\0\0\0\0\0\0\0\0\0\0\0\0\0\0\0\0\0\0\0\0\0\0\0\0\0\0\0\0\0\0\0\0\0\0\0\0\0\0\0\0\0\0\0\0\0\0\0\0\0\0\0\0\0\0\0\0\0\0\0\0\0\0\0\0\0\0\0\0\0\0\0\0\0\0\0\0\0\0\0\0\0\0\0\0\0\0\0\0\0\0\0\0\0\0j0{-;mC	s)\\[d{CcMZ}EJӃ3bgz;5$uoZ\'ijA#zw7TbhXqЄ:-)HAVEH%wȯ2ٮv#b?ٶi\n_mhFH6!SIIB4*\\}u.l|!8[s˘fpf6\nY	ٚx	\'~\0\0\0\0PK\0\0\0\0\0!\05С\0\0\0\0\0\0\0word/document.xml]n6wt^Nv8MQdYH ҫ$ۡ	b]kO\n+IvHI[F$sYttC~$EݾiHȪTF4KE\rjVGJzPdiyOs;￻)765˓@;Z[giWmiL]u4U-AN#d3 Us]x^MvWřҐYSiMi V<3TێUE,\"Ct3s[B\'\0tԌJV$dw]ױa(8\nGFpiÓ1cFib*ufȹ\n瞃4r[;YfCVij)6@S-oZQhIuk\n\Z{hK2DfEd220iMVچ7A:fo8\nQU{#Idb>gjFiPsK҃VzLcpٵf;9\\_}|.\\^pU#نC|X̯WoBu@]UOC}\0\'/H8&g#C8<@o[K1UE	tk5W~;j-R\"x\'`n7\'ѓ\';b9):|`M>W̮\"\\_ZTk\0~ǟΪ!KP%RAgtpUZgJw\'Y5C*s̰UghRtP(v+jkDׅQF\nNVG^(-t,GqUuSsL\":V,wr\'S*2)/b:aEDbٜOĆ jFǅY[ϮgKÑ#	zxּqT~R6Ob\nLlUXWSie\n$<He\n/iewXǞ\rs!̆]XD^\"/7aV4=d8=f.%Guޚ|&Pإ]dGdrl\Z-^_fjgl6Ncb,j1t9u%oCD\n)HdIGғHx&QɂDTB&|c\'~	$amVEZqw*dzi^BLrODv$[N`PC;c^%h/¡ks:Gs\n7BcyruJS\\oՕ0nz͍!W	_+!V$Vi0d^=jI	\"#-\\p,lt6sZ:39깦8*<+#IQa=?=lž喠s{[Mu\\Vm\r8f?m1~GxG؅/(3`	\nM5k#b&(\n&[Zk39bf0Qf\\σ\r.G-1	&[ZB{K:1`o1{œ{? d{tѵd=d/ n	2K7Aܒ n,( n	&W<	* \">v.͑3S͠sLmw7+9Bo10(2ܘ:Wܘhٵr~-Q^.l!;I=@ӂ\nm`}fiWrT[YkMy3R=&>xu㎺n,#ԍ͑%\nm#4=\'wۂHjV?vsک\\@тR!4nxȆBp7[)/熶=Ҕ,6BiqR{r\rMn &h薶{*h_g5mjW\0\0\0PK\0\0\0\0\0!\0\0\0P\0\0\0\0\0word/theme/theme1.xmlYKoGWwŎ\r-Pqwf	UpT*z(Ro=Tm@~T-\nzcTߏ/^3tD<iyUMw;!p`&Dz?\"R	Dn)nU*҇e,$7\"\n\"ߘUz%4Pc`{c8>A}۞22J>5(6CNd	tY9?CK-j>^eb bj	mg>9]NNkl^-\0Sn\n~},t)cZ{ʳʆ;faKvi\r(6NP6l.t-e|zPh2Z@x) Cή8\0ߘ&U)eWFe;\\\0`Md}up<kxN˅%-I_TS1x㋧ɽ\'\'~9+8	TϿWn,~\rTe೯ѳo>2Oc\"urx9x=~ib\'	%Nq*\'ѱpmb{^߱>XQj[=YMWI.eG.ٝv)4-mhD,5$!\n=>\"AvR˯{\\B)jctIl]1eRmfjsbKl$Tf.Yn\nNqkXE.%\'·.D:$n@tKݫz3{lHȅ9/#w8uLH E1ʩ+D!8Y\Z[X~umߤ,AX}1M^֎~|\Zo\Z\\0~n=w}iob]Vϫ6Yo5C5a4]YA4a.1\\}BUtԌPCR.\Z`T֜^\0Ű`cf|Ni\n[p:aQmQZaSyބj@X_kL4df$~Lr!H#m!5ܦ/yKlO!m 5F4Q2EI\\9ĞcЪYozi!\nq\nn@IUn+y`wZ֪K\rDB],lD,_o6\0G7ZMyCKC%+iǊ(8F6֩\nT;䚞P3*}&=InƅfVR?#Si3kpmy\\CJ#,AYhӿ6k]Ѭoe<LA9D	\nNE}\nf+救3LLջP4&#n>h<w ԅ|yLPFR/\n6Okj \\U/hTlv>b%D<<.l4\0LfIQr].3tvq\\sŽr9\\]Y,J\"cf:1SGU3\0d\r?\0\0\0\0PK\0\0\0\0\0!\0	\r\0\0\r\0\0\0\0\0word/settings.xmlW[o6~`yE]-I!֒Y9JIMD\";I\"[ї:߹_7o?7@]Oѕ3VC>[L\'RaV3r==9}{OoKI69L.zW]ܓ++ycJ޴XтTQ\rv-GKUȒo$?#!^cwYkS\\\Z|Li+jpoġ\r9E$\ZzVH	jj egWl_1D\nđOMB_\0b1\\+!	x4y39.[\"J\rL=@TT9SR+]pQ\"wo\\ݞ=aXTMKHqʠTBIvT^(cO|n gt+/\rq(C:դO~!	uRQШG;<PԒ`A1]=;VA?0ct%P=t$|Kpwڝ_49WqQ>xڣg4چ Њʊ$(FVʋ=LfYjC<7@/؋,mHBXeB7cϊx(XV$ !Q,Bu#kv<\"SdGR7H݃Is߆Q{xIC;r{\09Nr7M$\"x+\Zi QQvVzVWnd*<gZgn\nQhɑzw@}n\nAl=G!S^x%\nf \\9-,+*s}wV*<t/<\n޵z.jÂ|Lˮ)ԱA<s\\*p[6]Bp;t=nP+`1Wc\\x8\\C;|CϴЂ3-4U5e̘cOGRݞHCyʺtCKy6\nuNq}~5*%a#a\\$a#U𣤥U?CWO]3\Z`u|&/XRͩ)ΛuMa#-,1@]`Y%3cfgif:3Ccj~d\0\0\0PK\0\0\0\0\0!\0bL\0\0\0\0\0\0\0\0word/webSettings.xmlQK0wP*RD> ͮ]X.2:\'|pwWw8\nJ,m][YܫB	[)@ j]_fR?Jmv)Fk;@#%E9IɣFC\\Xhw騗UuN_08d!g\\omDɂHƅ3SY&!F3j\0g\0m4bAޤȘrCIuҿ>\0\0\0PK\0\0\0\0\0!\01i\0\0p\0\0\0\0\0word/styles.xmlĝ]sۺ;U{N<98q9\Z\"!5H @R\"-/%)R:*;ޝE<U\"۳ُWofQ^,aRelOQ<2,?M٪(֧;;y)_5̛KSVv\'e\\UfX)ǝYc(j12Yw4|%yCCW:Yk<7NeK6C\0JEUkәEevp\r On3B7-l|JYs\"OYq6`R,-y.Xg<˻FF>Rv,:ygf˅=Tgdmg~̻lZWsSz 01Ӽ˗U|Ǔya8C?P$z㜧HvV\"?W<dK@Xd	#C6ͻK͡\0iEkE)-q7z\0`+άA# ^\ZO:Ez\"G=~Q߼Q$;PP8p	8Ι5s2rvPhxD3&\Z0p&D\rgVL4!1p]-+|Y19J*xT4+ hx5I\'	0sdZk3^aH--Avg4`ĒvCߚ/659Lr:2]ݒx_C$ 6	be=\":eVӛ\\YB&ka/fa/[Q\rQM#\ZF4`5hܪ\ZF4n5hjqtS<mیSO}3fj^E3ޫ18mHTzs\"+[F\rQ6bVvMЧs&j=;`m[3\\\nYK_jJK1m[9a[t=HW#	Zi@3%z\\smɤK%	q^hU\Z?˅+p[Od\"㫔	-&>|ݨ>\0߫P)X|w8{$9U#\'\"YqL[PL\'4kͫG8\nNDt]-Le{3L{T7$ļ\\ӧ*\"`,eIvtˇniN6	:MlG\\	yTmx^ <%^n\0 6@!TLǎGaǣ/a8:	FQ`T\Z8\0mi?҂Mȥ-Z0<#=iCėK;ŴT9Bҝhk~$B~\\8hZ-*&@ؒp]DdM,v\\)eR*Etmm{±A*͊KkbR2?kחۭwu	]|#B،\'\0I_2m\ZZ%{\'`|NUE\'hd$<s\'dd$<曑γȷM{;ʢMpaiٗ\'CYԱJtTggǸOO+?b`/aIoPRUYQWf<ՙe8z#F;~	ȏ5yQS2zn#FOR~zglq %d\n#F/Q!m	+?eTdTHA\"FQgT3*1*RFQ!mT@\"F\r\\{Ã\n)hBڨ6[/N0*ƇRB\n)hBڨ6*D\nhBʨ <Ȩ6*D\nh\nqF!FB\nڨ6*D\nhBڨ2*2*\nhBڨxQa|Q!%Ĩ6*D\nhBڨ6*D\n\n)hBڨ1=UOjQ۟nƣVYz]lbqBKԞ[m{<ut\'.JwFk*C)ߎEP#phmGФ|<bNG xhiyfV89Gxhfn[GFͳ0-0Pf:+0V=?a~JO//V؏\n\Z+uQԐ$5K\rQRCTpbJ\r	X\'g?!Hj	\Z0+5$`O^L,5DI\rwX!+5$` &\\j\n\Z¤U2ZjHJ\r	X!!Hj	\Z!U([EX+wBn&V`@ԊZj	jhڢ	c\'bQh0qRFR%ԸjiPj\\4(5ZKUK}RO~BԸjiPj\\4(5ZKUK}R㪥>\'pqҠԸj/5Z\ZW-IUK^qҠԸjiPj\\\ZW-IUK}R%ԸjiPj\\4(Zڹe2;knj&*ޑ\r-߀77:7U]&ٺ%lه-fS1t̋̋,VK\rxX߹vl~q:^n:yz]OE[Z\\]oj4{nVuVeǠ\\U\Zvs-4YJUfji*yKU{WɗEޮ,y㵛ncyR}}}3k̞vOvLi:ݴs!rSjT97;\0WeU>f5\0\0\0PK\0\0\0\0\0!\0@\0\0J\0\0\0docProps/core.xml (\0\0\0\0\0\0\0\0\0\0\0\0\0\0\0\0\0\0\0\0\0\0\0\0\0\0\0\0\0\0\0\0\0\0\0\0\0\0\0\0\0\0\0\0\0\0\0\0\0\0\0\0\0\0\0\0\0\0\0\0\0\0\0\0\0\0\0\0\0\0\0\0\0\0\0\0\0\0\0\0\0\0\0\0\0\0\0\0\0\0\0\0\0\0\0\0\0\0\0\0\0\0\0\0\0\0\0\0\0\0\0\0\0\0\0\0\0\0\0\0\0\0\0\0\0\0\0\0\0\0\0\0\0\0\0\0\0\0\0\0\0\0\0\0\0\0\0\0\0\0\0\0\0\0\0\0\0\0\0\0\0\0\0\0\0\0\0\0\0\0\0\0\0\0\0\0\0\0\0\0\0\0\0\0\0\0\0\0\0\0\0\0\0\0\0\0\0\0\0\0\0\0\0\0\0\0\0\0\0\0\0\0\0\0\0\0\0\0\0\0\0\0\0\0\0\0\0\0\0\0\0\0\0\0\0\0\0\0\0\0\0\0\0\0\0\0\0\0\0\0\0\0\0\0\0\0\0|n0H{+J7ʺE܌=ݺMvJ7`UT,NI3?y.@Y#PR-g X\n3G)/^hx`WR&X[&~93\':g֛zIJN,2堈Z	daLY:7&\\U	}p/jҢ=|9o5LS+m}ߵ muwUp侻_w|mq&T_zߡָuJBMIs{0k`tة-;<UUha|\0õ,_Nxtƌ=;s,A<[ѹT0hr4\\f蓖t]s |ҽS9<8t\'wh\"KȟwM{|$.i2{nD\0\0\0\0PK\0\0\0\0\0!\0`2g\0\0-\0\0\0\0\0word/numbering.xml[o8W\"$(fG0؎\0ovnheb;$l1C\rA4`sLCퟗ郯u9EC\r5!.v\ZQ0VI\r#VX\'8,fD1bdl	SYXC#X\\0N`\"^ =	\'o·nP[s:]<IAP(,xy3	$(10\ZpK\\osU8ٜJbCb6e5p&3#f.J&!YDB B.pXU:y×y{/V}jeXH|I0x^R,u\\ڣr,N8ok{{5u~ec;	OW9Dz1\rE&N8!{:LWA[1ik([Q	¢XLF~ndb4b甔s`s,l3(\ZCHo.tdP`2ky2b$q21j/~g	olY-K#Hc\"HUݜcs*7u-,zwz\'YwDwE2zVɶīѻ&؜W\0ӿ#@]WoȽ#bĲɶw#Nzw\'uϨۡһ}eZ^\\IYΑBNV2,mepZYڋV6FګZYpSQ]8uB܎ğݞW8%Da >f4uZ^y\"/IJ0ѐmQd-dlj\nO*)dK6^]/WS@\n?\r,7[_9\ZU\"rS8PRpn\\Edlfy8YѨw2\"/\"׮\nEx\\˭J~_~51hl)!kncY\Z\nƹ)WEwFaO\Ze*U(#UU}jĨj̩RA?ş\\eӞ.ܥHGe\"֬,;akҢ1;ȝY*A\n\0\0\0PK\0\0\0\0\0!\0O\0\0#\0\0\0\0\0word/fontTable.xmln0\'\"ߗ8!m)j&V]+{\0cb\"߉@W`%||ǧ_ZE[@ZdDI$ki69\\LH5SֈOʹC\rL5I}5cFuyuX3nr%86[ZN(tJY\\X\0ϬU秙4{$;2Ғ;#<LQ	\r#{ͧ6:R;ЌzQ35Lca)U4w	*f,l	MczK3Re$n\'9Y8wrTAu7*y9[d\\WB\r+gJiXNII6ꞇ^*<ߤg?; +_ޢixiC}u9Ikb}KW֢`;:A9.}\\nΔ\\9y&E0CU)F\\\"OQ^9h=\\9!ޣ>:wIe\0f\0\0\0PK\0\0\0\0\0!\0W3\0\0=\0\0\0docProps/app.xml (\0\0\0\0\0\0\0\0\0\0\0\0\0\0\0\0\0\0\0\0\0\0\0\0\0\0\0\0\0\0\0\0\0\0\0\0\0\0\0\0\0\0\0\0\0\0\0\0\0\0\0\0\0\0\0\0\0\0\0\0\0\0\0\0\0\0\0\0\0\0\0\0\0\0\0\0\0\0\0\0\0\0\0\0\0\0\0\0\0\0\0\0\0\0\0\0\0\0\0\0\0\0\0\0\0\0\0\0\0\0\0\0\0\0\0\0\0\0\0\0\0\0\0\0\0\0\0\0\0\0\0\0\0\0\0\0\0\0\0\0\0\0\0\0\0\0\0\0\0\0\0\0\0\0\0\0\0\0\0\0\0\0\0\0\0\0\0\0\0\0\0\0\0\0\0\0\0\0\0\0\0\0\0\0\0\0\0\0\0\0\0\0\0\0\0\0\0\0\0\0\0\0\0\0\0\0\0\0\0\0\0\0\0\0\0\0\0\0\0\0\0\0\0\0\0\0\0\0\0\0\0\0\0\0\0\0\0\0\0\0\0\0\0\0\0\0\0\0\0\0\0\0\0\0\0\0\0Tn0GܯN:]\0l6Z$e{`H{x\n4Wpވ\r)\\DOs|t]ђ+^G\\2	9QYGeF%$^qǏQ\'x#dق-+SR̑sbW%\r	׎ˌg-7KE3ł>{4#8.U,zr%F-Sh3:1j|LfhQc\Z &օ`ْeUZp1`hbٕnEQc0CV]тO}r03*/9sDV5<$^R#tqր.uPŵ\r0l\Z\ZWWЛ~Wl_?Ƒ7Շ﫛7@|l(Uw-`/SUj*W$W6c(s{!퓝n1ӔЇOxXƴCo	|GdPrg\0nB/^S\0\0\0PK-\0\0\0\0\0\0!\02oWf\0\0\0\0\0\0\0\0\0\0\0\0\0\0\0\0\0\0\0\0\0[Content_Types].xmlPK-\0\0\0\0\0\0!\0\Z\0\0\0N\0\0\0\0\0\0\0\0\0\0\0\0\0\0\0\0\0_rels/.relsPK-\0\0\0\0\0\0!\0\0\0\0\0\0\0\0\0\0\0\0\0\0\0\0\0\0\0\0word/_rels/document.xml.relsPK-\0\0\0\0\0\0!\05С\0\0\0\0\0\0\0\0\0\0\0\0\0\0\0\0\0	\0\0word/document.xmlPK-\0\0\0\0\0\0!\0\0\0P\0\0\0\0\0\0\0\0\0\0\0\0\0\0\0\0\0word/theme/theme1.xmlPK-\0\0\0\0\0\0!\0	\r\0\0\r\0\0\0\0\0\0\0\0\0\0\0\0\0\0\0\0\0word/settings.xmlPK-\0\0\0\0\0\0!\0bL\0\0\0\0\0\0\0\0\0\0\0\0\0\0\0\0\0\0\0\0word/webSettings.xmlPK-\0\0\0\0\0\0!\01i\0\0p\0\0\0\0\0\0\0\0\0\0\0\0\0\0\0\0\0word/styles.xmlPK-\0\0\0\0\0\0!\0@\0\0J\0\0\0\0\0\0\0\0\0\0\0\0\0\0\0(\0\0docProps/core.xmlPK-\0\0\0\0\0\0!\0`2g\0\0-\0\0\0\0\0\0\0\0\0\0\0\0\0\0\0+\0\0word/numbering.xmlPK-\0\0\0\0\0\0!\0O\0\0#\0\0\0\0\0\0\0\0\0\0\0\0\0\0\0L0\0\0word/fontTable.xmlPK-\0\0\0\0\0\0!\0W3\0\0=\0\0\0\0\0\0\0\0\0\0\0\0\0\0\02\0\0docProps/app.xmlPK\0\0\0\0\0\0\0\05\0\0\0\0','SoftverskiProcesPregledPoDanimaMart2019.docx'),
(5,'Tamplaet','application/octet-stream','','file'),
(6,'Tamplaet','application/octet-stream','','file'),
(7,'Tamplaet','application/octet-stream','','file'),
(8,'Tamplaet','application/vnd.openxmlformats-officedocument.wordprocessingml.document','PK\0\0\0\0\0!\02oWf\0\0\0\0\0[Content_Types].xml (\0\0\0\0\0\0\0\0\0\0\0\0\0\0\0\0\0\0\0\0\0\0\0\0\0\0\0\0\0\0\0\0\0\0\0\0\0\0\0\0\0\0\0\0\0\0\0\0\0\0\0\0\0\0\0\0\0\0\0\0\0\0\0\0\0\0\0\0\0\0\0\0\0\0\0\0\0\0\0\0\0\0\0\0\0\0\0\0\0\0\0\0\0\0\0\0\0\0\0\0\0\0\0\0\0\0\0\0\0\0\0\0\0\0\0\0\0\0\0\0\0\0\0\0\0\0\0\0\0\0\0\0\0\0\0\0\0\0\0\0\0\0\0\0\0\0\0\0\0\0\0\0\0\0\0\0\0\0\0\0\0\0\0\0\0\0\0\0\0\0\0\0\0\0\0\0\0\0\0\0\0\0\0\0\0\0\0\0\0\0\0\0\0\0\0\0\0\0\0\0\0\0\0\0\0\0\0\0\0\0\0\0\0\0\0\0\0\0\0\0\0\0\0\0\0\0\0\0\0\0\0\0\0\0\0\0\0\0\0\0\0\0\0\0\0\0\0\0\0\0\0\0\0\0\0\0\0\0\0\0\0\0\0\0\0\0\0\0\0\0\0\0\0\0\0\0\0\0\0\0\0\0\0\0\0\0\0\0\0\0\0\0\0\0\0\0\0\0\0\0\0\0\0\0\0\0\0\0\0\0\0\0\0\0\0\0\0\0\0\0\0\0\0\0\0\0\0\0\0\0\0\0\0\0\0\0\0\0\0\0\0\0\0\0\0\0\0\0\0\0\0\0\0\0\0\0\0\0\0\0\0\0\0\0\0\0\0\0\0\0\0\0\0\0\0\0\0\0\0\0\0\0\0\0\0\0\0\0\0\0\0\0\0\0\0\0\0\0\0\0\0\0\0\0\0\0\0\0\0\0\0\0\0\0\0\0\0\0\0\0\0\0\0\0\0\0\0\0\0\0\0\0\0\0\0\0\0\0\0\0\0\0\0\0\0\0\0\0\0\0\0\0\0\0\0\0\0\0\0\0\0\0\0\0\0\0\0\0\0\0\0\0\0\0\0\0\0\0\0\0\0\0\0\0\0\0\0\0\0\0\0\0\0\0\0\0\0\0\0\0\0\0\0\0\0\0\0\0\0\0\0\0\0j0EѶJ(ɢeh4NDB81$14 {1ښl	w%=^i7+-d&0A6l4L60#ÒS\nOX\0*V$:B~^Kڃ\r/PI~7$iJ&B0ZDutOJK(HxG\rL+vdcӻW>*\\XRmpZ}HwnMVn-\")/ZwB`4	sDXj;A*ʝc֝\04[S9> {V4pW&A|d?\0\0\0\0PK\0\0\0\0\0!\0\Z\0\0\0N\0\0\0_rels/.rels (\0\0\0\0\0\0\0\0\0\0\0\0\0\0\0\0\0\0\0\0\0\0\0\0\0\0\0\0\0\0\0\0\0\0\0\0\0\0\0\0\0\0\0\0\0\0\0\0\0\0\0\0\0\0\0\0\0\0\0\0\0\0\0\0\0\0\0\0\0\0\0\0\0\0\0\0\0\0\0\0\0\0\0\0\0\0\0\0\0\0\0\0\0\0\0\0\0\0\0\0\0\0\0\0\0\0\0\0\0\0\0\0\0\0\0\0\0\0\0\0\0\0\0\0\0\0\0\0\0\0\0\0\0\0\0\0\0\0\0\0\0\0\0\0\0\0\0\0\0\0\0\0\0\0\0\0\0\0\0\0\0\0\0\0\0\0\0\0\0\0\0\0\0\0\0\0\0\0\0\0\0\0\0\0\0\0\0\0\0\0\0\0\0\0\0\0\0\0\0\0\0\0\0\0\0\0\0\0\0\0\0\0\0\0\0\0\0\0\0\0\0\0\0\0\0\0\0\0\0\0\0\0\0\0\0\0\0\0\0\0\0\0\0\0\0\0\0\0\0\0\0\0\0\0\0\0\0\0\0\0\0\0\0\0\0\0\0\0\0\0\0\0\0\0\0\0\0\0\0\0\0\0\0\0\0\0\0\0\0\0\0\0\0\0\0\0\0\0\0\0\0\0\0\0\0\0\0\0\0\0\0\0\0\0\0\0\0\0\0\0\0\0\0\0\0\0\0\0\0\0\0\0\0\0\0\0\0\0\0\0\0\0\0\0\0\0\0\0\0\0\0\0\0\0\0\0\0\0\0\0\0\0\0\0\0\0\0\0\0\0\0\0\0\0\0\0\0\0\0\0\0\0\0\0\0\0\0\0\0\0\0\0\0\0\0\0\0\0\0\0\0\0\0\0\0\0\0\0\0\0\0\0\0\0\0\0\0\0\0\0\0\0\0\0\0\0\0\0\0\0\0\0\0\0\0\0\0\0\0\0\0\0\0\0\0\0\0\0\0\0\0\0\0\0\0\0\0\0\0\0\0\0\0\0\0\0\0\0\0\0\0\0\0\0\0\0\0\0\0\0\0\0\0\0\0\0\0\0\0\0\0\0\0\0\0\0\0\0\0\0\0\0\0\0\0\0\0\0\0\0\0\0\0j0@ѽQN/c[ILj<]aGӓzsFu]\ZU\r	^[x\01xpf#I)ʃY\Z*Di\")c$qU~31jH[{=E~\nf?3-޲]Tꓸ2j),\Zl0/%b\n\Zzŉ,		/|f\\Z?6!Y_o]A\0\0\0PK\0\0\0\0\0!\0\0\0\0\0\0word/_rels/document.xml.rels (\0\0\0\0\0\0\0\0\0\0\0\0\0\0\0\0\0\0\0\0\0\0\0\0\0\0\0\0\0\0\0\0\0\0\0\0\0\0\0\0\0\0\0\0\0\0\0\0\0\0\0\0\0\0\0\0\0\0\0\0\0\0\0\0\0\0\0\0\0\0\0\0\0\0\0\0\0\0\0\0\0\0\0\0\0\0\0\0\0\0\0\0\0\0\0\0\0\0\0\0\0\0\0\0\0\0\0\0\0\0\0\0\0\0\0\0\0\0\0\0\0\0\0\0\0\0\0\0\0\0\0\0\0\0\0\0\0\0\0\0\0\0\0\0\0\0\0\0\0\0\0\0\0\0\0\0\0\0\0\0\0\0\0\0\0\0\0\0\0\0\0\0\0\0\0\0\0\0\0\0\0\0\0\0\0\0\0\0\0\0\0\0\0\0\0\0\0\0\0\0\0\0\0\0\0\0\0\0\0\0\0\0\0\0\0\0\0\0\0\0\0\0\0\0\0\0\0\0\0\0\0\0\0\0\0\0\0\0\0\0\0\0\0\0\0\0\0\0\0\0\0\0\0\0\0\0\0j0{-;mC	s)\\[d{CcMZ}EJӃ3bgz;5$uoZ\'ijA#zw7TbhXqЄ:-)HAVEH%wȯ2ٮv#b?ٶi\n_mhFH6!SIIB4*\\}u.l|!8[s˘fpf6\nY	ٚx	\'~\0\0\0\0PK\0\0\0\0\0!\05С\0\0\0\0\0\0\0word/document.xml]n6wt^Nv8MQdYH ҫ$ۡ	b]kO\n+IvHI[F$sYttC~$EݾiHȪTF4KE\rjVGJzPdiyOs;￻)765˓@;Z[giWmiL]u4U-AN#d3 Us]x^MvWřҐYSiMi V<3TێUE,\"Ct3s[B\'\0tԌJV$dw]ױa(8\nGFpiÓ1cFib*ufȹ\n瞃4r[;YfCVij)6@S-oZQhIuk\n\Z{hK2DfEd220iMVچ7A:fo8\nQU{#Idb>gjFiPsK҃VzLcpٵf;9\\_}|.\\^pU#نC|X̯WoBu@]UOC}\0\'/H8&g#C8<@o[K1UE	tk5W~;j-R\"x\'`n7\'ѓ\';b9):|`M>W̮\"\\_ZTk\0~ǟΪ!KP%RAgtpUZgJw\'Y5C*s̰UghRtP(v+jkDׅQF\nNVG^(-t,GqUuSsL\":V,wr\'S*2)/b:aEDbٜOĆ jFǅY[ϮgKÑ#	zxּqT~R6Ob\nLlUXWSie\n$<He\n/iewXǞ\rs!̆]XD^\"/7aV4=d8=f.%Guޚ|&Pإ]dGdrl\Z-^_fjgl6Ncb,j1t9u%oCD\n)HdIGғHx&QɂDTB&|c\'~	$amVEZqw*dzi^BLrODv$[N`PC;c^%h/¡ks:Gs\n7BcyruJS\\oՕ0nz͍!W	_+!V$Vi0d^=jI	\"#-\\p,lt6sZ:39깦8*<+#IQa=?=lž喠s{[Mu\\Vm\r8f?m1~GxG؅/(3`	\nM5k#b&(\n&[Zk39bf0Qf\\σ\r.G-1	&[ZB{K:1`o1{œ{? d{tѵd=d/ n	2K7Aܒ n,( n	&W<	* \">v.͑3S͠sLmw7+9Bo10(2ܘ:Wܘhٵr~-Q^.l!;I=@ӂ\nm`}fiWrT[YkMy3R=&>xu㎺n,#ԍ͑%\nm#4=\'wۂHjV?vsک\\@тR!4nxȆBp7[)/熶=Ҕ,6BiqR{r\rMn &h薶{*h_g5mjW\0\0\0PK\0\0\0\0\0!\0\0\0P\0\0\0\0\0word/theme/theme1.xmlYKoGWwŎ\r-Pqwf	UpT*z(Ro=Tm@~T-\nzcTߏ/^3tD<iyUMw;!p`&Dz?\"R	Dn)nU*҇e,$7\"\n\"ߘUz%4Pc`{c8>A}۞22J>5(6CNd	tY9?CK-j>^eb bj	mg>9]NNkl^-\0Sn\n~},t)cZ{ʳʆ;faKvi\r(6NP6l.t-e|zPh2Z@x) Cή8\0ߘ&U)eWFe;\\\0`Md}up<kxN˅%-I_TS1x㋧ɽ\'\'~9+8	TϿWn,~\rTe೯ѳo>2Oc\"urx9x=~ib\'	%Nq*\'ѱpmb{^߱>XQj[=YMWI.eG.ٝv)4-mhD,5$!\n=>\"AvR˯{\\B)jctIl]1eRmfjsbKl$Tf.Yn\nNqkXE.%\'·.D:$n@tKݫz3{lHȅ9/#w8uLH E1ʩ+D!8Y\Z[X~umߤ,AX}1M^֎~|\Zo\Z\\0~n=w}iob]Vϫ6Yo5C5a4]YA4a.1\\}BUtԌPCR.\Z`T֜^\0Ű`cf|Ni\n[p:aQmQZaSyބj@X_kL4df$~Lr!H#m!5ܦ/yKlO!m 5F4Q2EI\\9ĞcЪYozi!\nq\nn@IUn+y`wZ֪K\rDB],lD,_o6\0G7ZMyCKC%+iǊ(8F6֩\nT;䚞P3*}&=InƅfVR?#Si3kpmy\\CJ#,AYhӿ6k]Ѭoe<LA9D	\nNE}\nf+救3LLջP4&#n>h<w ԅ|yLPFR/\n6Okj \\U/hTlv>b%D<<.l4\0LfIQr].3tvq\\sŽr9\\]Y,J\"cf:1SGU3\0d\r?\0\0\0\0PK\0\0\0\0\0!\0	\r\0\0\r\0\0\0\0\0word/settings.xmlW[o6~`yE]-I!֒Y9JIMD\";I\"[ї:߹_7o?7@]Oѕ3VC>[L\'RaV3r==9}{OoKI69L.zW]ܓ++ycJ޴XтTQ\rv-GKUȒo$?#!^cwYkS\\\Z|Li+jpoġ\r9E$\ZzVH	jj egWl_1D\nđOMB_\0b1\\+!	x4y39.[\"J\rL=@TT9SR+]pQ\"wo\\ݞ=aXTMKHqʠTBIvT^(cO|n gt+/\rq(C:դO~!	uRQШG;<PԒ`A1]=;VA?0ct%P=t$|Kpwڝ_49WqQ>xڣg4چ Њʊ$(FVʋ=LfYjC<7@/؋,mHBXeB7cϊx(XV$ !Q,Bu#kv<\"SdGR7H݃Is߆Q{xIC;r{\09Nr7M$\"x+\Zi QQvVzVWnd*<gZgn\nQhɑzw@}n\nAl=G!S^x%\nf \\9-,+*s}wV*<t/<\n޵z.jÂ|Lˮ)ԱA<s\\*p[6]Bp;t=nP+`1Wc\\x8\\C;|CϴЂ3-4U5e̘cOGRݞHCyʺtCKy6\nuNq}~5*%a#a\\$a#U𣤥U?CWO]3\Z`u|&/XRͩ)ΛuMa#-,1@]`Y%3cfgif:3Ccj~d\0\0\0PK\0\0\0\0\0!\0bL\0\0\0\0\0\0\0\0word/webSettings.xmlQK0wP*RD> ͮ]X.2:\'|pwWw8\nJ,m][YܫB	[)@ j]_fR?Jmv)Fk;@#%E9IɣFC\\Xhw騗UuN_08d!g\\omDɂHƅ3SY&!F3j\0g\0m4bAޤȘrCIuҿ>\0\0\0PK\0\0\0\0\0!\01i\0\0p\0\0\0\0\0word/styles.xmlĝ]sۺ;U{N<98q9\Z\"!5H @R\"-/%)R:*;ޝE<U\"۳ُWofQ^,aRelOQ<2,?M٪(֧;;y)_5̛KSVv\'e\\UfX)ǝYc(j12Yw4|%yCCW:Yk<7NeK6C\0JEUkәEevp\r On3B7-l|JYs\"OYq6`R,-y.Xg<˻FF>Rv,:ygf˅=Tgdmg~̻lZWsSz 01Ӽ˗U|Ǔya8C?P$z㜧HvV\"?W<dK@Xd	#C6ͻK͡\0iEkE)-q7z\0`+άA# ^\ZO:Ez\"G=~Q߼Q$;PP8p	8Ι5s2rvPhxD3&\Z0p&D\rgVL4!1p]-+|Y19J*xT4+ hx5I\'	0sdZk3^aH--Avg4`ĒvCߚ/659Lr:2]ݒx_C$ 6	be=\":eVӛ\\YB&ka/fa/[Q\rQM#\ZF4`5hܪ\ZF4n5hjqtS<mیSO}3fj^E3ޫ18mHTzs\"+[F\rQ6bVvMЧs&j=;`m[3\\\nYK_jJK1m[9a[t=HW#	Zi@3%z\\smɤK%	q^hU\Z?˅+p[Od\"㫔	-&>|ݨ>\0߫P)X|w8{$9U#\'\"YqL[PL\'4kͫG8\nNDt]-Le{3L{T7$ļ\\ӧ*\"`,eIvtˇniN6	:MlG\\	yTmx^ <%^n\0 6@!TLǎGaǣ/a8:	FQ`T\Z8\0mi?҂Mȥ-Z0<#=iCėK;ŴT9Bҝhk~$B~\\8hZ-*&@ؒp]DdM,v\\)eR*Etmm{±A*͊KkbR2?kחۭwu	]|#B،\'\0I_2m\ZZ%{\'`|NUE\'hd$<s\'dd$<曑γȷM{;ʢMpaiٗ\'CYԱJtTggǸOO+?b`/aIoPRUYQWf<ՙe8z#F;~	ȏ5yQS2zn#FOR~zglq %d\n#F/Q!m	+?eTdTHA\"FQgT3*1*RFQ!mT@\"F\r\\{Ã\n)hBڨ6[/N0*ƇRB\n)hBڨ6*D\nhBʨ <Ȩ6*D\nh\nqF!FB\nڨ6*D\nhBڨ2*2*\nhBڨxQa|Q!%Ĩ6*D\nhBڨ6*D\n\n)hBڨ1=UOjQ۟nƣVYz]lbqBKԞ[m{<ut\'.JwFk*C)ߎEP#phmGФ|<bNG xhiyfV89Gxhfn[GFͳ0-0Pf:+0V=?a~JO//V؏\n\Z+uQԐ$5K\rQRCTpbJ\r	X\'g?!Hj	\Z0+5$`O^L,5DI\rwX!+5$` &\\j\n\Z¤U2ZjHJ\r	X!!Hj	\Z!U([EX+wBn&V`@ԊZj	jhڢ	c\'bQh0qRFR%ԸjiPj\\4(5ZKUK}RO~BԸjiPj\\4(5ZKUK}R㪥>\'pqҠԸj/5Z\ZW-IUK^qҠԸjiPj\\\ZW-IUK}R%ԸjiPj\\4(Zڹe2;knj&*ޑ\r-߀77:7U]&ٺ%lه-fS1t̋̋,VK\rxX߹vl~q:^n:yz]OE[Z\\]oj4{nVuVeǠ\\U\Zvs-4YJUfji*yKU{WɗEޮ,y㵛ncyR}}}3k̞vOvLi:ݴs!rSjT97;\0WeU>f5\0\0\0PK\0\0\0\0\0!\0@\0\0J\0\0\0docProps/core.xml (\0\0\0\0\0\0\0\0\0\0\0\0\0\0\0\0\0\0\0\0\0\0\0\0\0\0\0\0\0\0\0\0\0\0\0\0\0\0\0\0\0\0\0\0\0\0\0\0\0\0\0\0\0\0\0\0\0\0\0\0\0\0\0\0\0\0\0\0\0\0\0\0\0\0\0\0\0\0\0\0\0\0\0\0\0\0\0\0\0\0\0\0\0\0\0\0\0\0\0\0\0\0\0\0\0\0\0\0\0\0\0\0\0\0\0\0\0\0\0\0\0\0\0\0\0\0\0\0\0\0\0\0\0\0\0\0\0\0\0\0\0\0\0\0\0\0\0\0\0\0\0\0\0\0\0\0\0\0\0\0\0\0\0\0\0\0\0\0\0\0\0\0\0\0\0\0\0\0\0\0\0\0\0\0\0\0\0\0\0\0\0\0\0\0\0\0\0\0\0\0\0\0\0\0\0\0\0\0\0\0\0\0\0\0\0\0\0\0\0\0\0\0\0\0\0\0\0\0\0\0\0\0\0\0\0\0\0\0\0\0\0\0\0\0\0\0\0\0\0\0\0\0\0\0\0\0\0|n0H{+J7ʺE܌=ݺMvJ7`UT,NI3?y.@Y#PR-g X\n3G)/^hx`WR&X[&~93\':g֛zIJN,2堈Z	daLY:7&\\U	}p/jҢ=|9o5LS+m}ߵ muwUp侻_w|mq&T_zߡָuJBMIs{0k`tة-;<UUha|\0õ,_Nxtƌ=;s,A<[ѹT0hr4\\f蓖t]s |ҽS9<8t\'wh\"KȟwM{|$.i2{nD\0\0\0\0PK\0\0\0\0\0!\0`2g\0\0-\0\0\0\0\0word/numbering.xml[o8W\"$(fG0؎\0ovnheb;$l1C\rA4`sLCퟗ郯u9EC\r5!.v\ZQ0VI\r#VX\'8,fD1bdl	SYXC#X\\0N`\"^ =	\'o·nP[s:]<IAP(,xy3	$(10\ZpK\\osU8ٜJbCb6e5p&3#f.J&!YDB B.pXU:y×y{/V}jeXH|I0x^R,u\\ڣr,N8ok{{5u~ec;	OW9Dz1\rE&N8!{:LWA[1ik([Q	¢XLF~ndb4b甔s`s,l3(\ZCHo.tdP`2ky2b$q21j/~g	olY-K#Hc\"HUݜcs*7u-,zwz\'YwDwE2zVɶīѻ&؜W\0ӿ#@]WoȽ#bĲɶw#Nzw\'uϨۡһ}eZ^\\IYΑBNV2,mepZYڋV6FګZYpSQ]8uB܎ğݞW8%Da >f4uZ^y\"/IJ0ѐmQd-dlj\nO*)dK6^]/WS@\n?\r,7[_9\ZU\"rS8PRpn\\Edlfy8YѨw2\"/\"׮\nEx\\˭J~_~51hl)!kncY\Z\nƹ)WEwFaO\Ze*U(#UU}jĨj̩RA?ş\\eӞ.ܥHGe\"֬,;akҢ1;ȝY*A\n\0\0\0PK\0\0\0\0\0!\0O\0\0#\0\0\0\0\0word/fontTable.xmln0\'\"ߗ8!m)j&V]+{\0cb\"߉@W`%||ǧ_ZE[@ZdDI$ki69\\LH5SֈOʹC\rL5I}5cFuyuX3nr%86[ZN(tJY\\X\0ϬU秙4{$;2Ғ;#<LQ	\r#{ͧ6:R;ЌzQ35Lca)U4w	*f,l	MczK3Re$n\'9Y8wrTAu7*y9[d\\WB\r+gJiXNII6ꞇ^*<ߤg?; +_ޢixiC}u9Ikb}KW֢`;:A9.}\\nΔ\\9y&E0CU)F\\\"OQ^9h=\\9!ޣ>:wIe\0f\0\0\0PK\0\0\0\0\0!\0W3\0\0=\0\0\0docProps/app.xml (\0\0\0\0\0\0\0\0\0\0\0\0\0\0\0\0\0\0\0\0\0\0\0\0\0\0\0\0\0\0\0\0\0\0\0\0\0\0\0\0\0\0\0\0\0\0\0\0\0\0\0\0\0\0\0\0\0\0\0\0\0\0\0\0\0\0\0\0\0\0\0\0\0\0\0\0\0\0\0\0\0\0\0\0\0\0\0\0\0\0\0\0\0\0\0\0\0\0\0\0\0\0\0\0\0\0\0\0\0\0\0\0\0\0\0\0\0\0\0\0\0\0\0\0\0\0\0\0\0\0\0\0\0\0\0\0\0\0\0\0\0\0\0\0\0\0\0\0\0\0\0\0\0\0\0\0\0\0\0\0\0\0\0\0\0\0\0\0\0\0\0\0\0\0\0\0\0\0\0\0\0\0\0\0\0\0\0\0\0\0\0\0\0\0\0\0\0\0\0\0\0\0\0\0\0\0\0\0\0\0\0\0\0\0\0\0\0\0\0\0\0\0\0\0\0\0\0\0\0\0\0\0\0\0\0\0\0\0\0\0\0\0\0\0\0\0\0\0\0\0\0\0\0\0\0\0\0Tn0GܯN:]\0l6Z$e{`H{x\n4Wpވ\r)\\DOs|t]ђ+^G\\2	9QYGeF%$^qǏQ\'x#dق-+SR̑sbW%\r	׎ˌg-7KE3ł>{4#8.U,zr%F-Sh3:1j|LfhQc\Z &օ`ْeUZp1`hbٕnEQc0CV]тO}r03*/9sDV5<$^R#tqր.uPŵ\r0l\Z\ZWWЛ~Wl_?Ƒ7Շ﫛7@|l(Uw-`/SUj*W$W6c(s{!퓝n1ӔЇOxXƴCo	|GdPrg\0nB/^S\0\0\0PK-\0\0\0\0\0\0!\02oWf\0\0\0\0\0\0\0\0\0\0\0\0\0\0\0\0\0\0\0\0\0[Content_Types].xmlPK-\0\0\0\0\0\0!\0\Z\0\0\0N\0\0\0\0\0\0\0\0\0\0\0\0\0\0\0\0\0_rels/.relsPK-\0\0\0\0\0\0!\0\0\0\0\0\0\0\0\0\0\0\0\0\0\0\0\0\0\0\0word/_rels/document.xml.relsPK-\0\0\0\0\0\0!\05С\0\0\0\0\0\0\0\0\0\0\0\0\0\0\0\0\0	\0\0word/document.xmlPK-\0\0\0\0\0\0!\0\0\0P\0\0\0\0\0\0\0\0\0\0\0\0\0\0\0\0\0word/theme/theme1.xmlPK-\0\0\0\0\0\0!\0	\r\0\0\r\0\0\0\0\0\0\0\0\0\0\0\0\0\0\0\0\0word/settings.xmlPK-\0\0\0\0\0\0!\0bL\0\0\0\0\0\0\0\0\0\0\0\0\0\0\0\0\0\0\0\0word/webSettings.xmlPK-\0\0\0\0\0\0!\01i\0\0p\0\0\0\0\0\0\0\0\0\0\0\0\0\0\0\0\0word/styles.xmlPK-\0\0\0\0\0\0!\0@\0\0J\0\0\0\0\0\0\0\0\0\0\0\0\0\0\0(\0\0docProps/core.xmlPK-\0\0\0\0\0\0!\0`2g\0\0-\0\0\0\0\0\0\0\0\0\0\0\0\0\0\0+\0\0word/numbering.xmlPK-\0\0\0\0\0\0!\0O\0\0#\0\0\0\0\0\0\0\0\0\0\0\0\0\0\0L0\0\0word/fontTable.xmlPK-\0\0\0\0\0\0!\0W3\0\0=\0\0\0\0\0\0\0\0\0\0\0\0\0\0\02\0\0docProps/app.xmlPK\0\0\0\0\0\0\0\05\0\0\0\0','SoftverskiProcesPregledPoDanimaMart2019.docx'),
(9,'Tamplaet','application/octet-stream','',''),
(10,'Tamplaet','application/octet-stream','','');

/*Table structure for table `template_field` */

DROP TABLE IF EXISTS `template_field`;

CREATE TABLE `template_field` (
  `template_id_fk` bigint(20) unsigned NOT NULL,
  `template_field_id` int(10) unsigned NOT NULL,
  `template_field_name` varchar(20) DEFAULT NULL,
  `template_field_type` varchar(20) DEFAULT NULL,
  PRIMARY KEY (`template_id_fk`,`template_field_id`),
  CONSTRAINT `template_field` FOREIGN KEY (`template_id_fk`) REFERENCES `template` (`template_id`)
) ENGINE=InnoDB DEFAULT CHARSET=latin1;

/*Data for the table `template_field` */

insert  into `template_field`(`template_id_fk`,`template_field_id`,`template_field_name`,`template_field_type`) values 
(4,1,'ytfytyfyt','LONG'),
(4,3,'asasdads','STRING'),
(4,4,'dadcadcad','LONG'),
(4,5,'dadcadcad','STRING'),
(5,1,'ytfytyfyt','STRING'),
(5,2,'hkgugjli','LONG'),
(6,1,'ytfytyfyt','STRING'),
(6,2,'hkgugjli','LONG'),
(7,1,'ytfytyfyt','STRING'),
(7,2,'hkgugjli','LONG'),
(8,1,'ytfytyfyt','INTEGER'),
(8,2,'hkgugjli','LONG'),
(8,3,'asasdads','STRING'),
(9,1,'ytfytyfyt','STRING'),
(9,2,'hkgugjli','STRING'),
(9,3,'dfadf','STRING'),
(10,1,'ytfytyfyt','STRING'),
(10,2,'hkgugjli','STRING'),
(10,3,'dfadf','STRING');

/*!40101 SET SQL_MODE=@OLD_SQL_MODE */;
/*!40014 SET FOREIGN_KEY_CHECKS=@OLD_FOREIGN_KEY_CHECKS */;
/*!40014 SET UNIQUE_CHECKS=@OLD_UNIQUE_CHECKS */;
/*!40111 SET SQL_NOTES=@OLD_SQL_NOTES */;
